method,mean_ee_error,median_ee_error,max_ee_error
Analytical IK,0.0000000000,0.0000000000,0.0000000000
Numerical IK,0.0000072022,0.0000069455,0.0000099963
Neural IK,0.0236819587,0.0176588530,0.1416429578
