method,mean_ee_error,median_ee_error,max_ee_error,mean_time_ms
Analytical IK,0.0000000000,0.0000000000,0.0000000000,0.0534006970
Numerical IK,0.0000072022,0.0000069455,0.0000099963,1.3953162048
Neural IK,0.0236819574,0.0176588530,0.1416429578,0.0009212000
